{"cameraMode":{"drawMode":0,"name":"Shaded","section":"Shading Mode"},"sceneLighting":false,"audioPlay":false,"sceneViewState":{"showFog":true,"showMaterialUpdate":false,"showSkybox":false,"showFlares":true,"showImageEffects":true,"showParticleSystems":true},"in2DMode":false,"pivot":{"x":5.960464477539063e-8,"y":2.103724956512451,"z":0.13500571250915528},"rotation":{"x":-0.3469531238079071,"y":0.6246199011802673,"z":-0.3617546856403351,"w":-0.5989354848861694},"size":6.336950302124023,"orthographic":false}